question,answer
What was the inclusion criterion related to submaximal exercise tests for the male employees in the study?,Participants were required to have at least four submaximal exercise tests in the previous 7 years (1979-1985).
On what basis were participants followed for the development of type 2 diabetes?,"Participants were followed for the development of type 2 diabetes based on plasma glucose levels after an oral glucose tolerance test, current therapy with hypoglycemic medication, or fasting plasma glucose levels."
How were the annual health checkups conducted for the Tokyo Gas Company employees beneficial for the study?,"The annual health checkups included measurement of height, body weight, and blood pressure and a urinary glucose test, which were useful for monitoring the participants' health and identifying potential development of type 2 diabetes."
What statistical methods were used to estimate the hazard ratios for the incidence of type 2 diabetes?,Cox proportional hazards models were used to estimate the hazard ratios for the incidence of type 2 diabetes.
What were the main findings regarding the relationship between fitness trends and the risk of developing type 2 diabetes?,"The study found a strong inverse relationship between long-term trends in fitness and the risk of developing type 2 diabetes, meaning that men increasing their fitness over a 7-year period had lower risks than men with decreasing fitness."
What are some of the clinical consequences of anti-drug antibodies (ADAs)?,"Clinical consequences of ADAs can range from relatively mild to serious adverse events such as anaphylaxis, cytokine release syndrome, and cross-reactive neutralization of endogenous proteins mediating critical functions."
What common laboratory techniques are used for detecting anti-drug antibodies?,Enzyme-linked immunosorbent assays (ELISA) and electrochemiluminescence (ECL) immunoassays are the most widely used platforms for ADA detection due to their high sensitivity and throughput.
How has liquid chromatography-mass spectrometry (LC/MS) been recently utilized in the context of therapeutic proteins and peptides?,"LC/MS has emerged as a promising platform for quantitation of biotherapeutics and protein biomarkers in biological matrices and has been used to assess ADA in the presence of excess protein therapeutic, overcoming drug tolerance issues often associated with traditional ADA detection methods."
What is the advantage of using a universal peptide method in the quantitation of human antibody FC region-containing therapeutic protein candidates?,"The advantage of using a universal peptide method is that it is capable of supporting the bioanalysis of a diversity of human FC region-containing therapeutic protein candidates in plasma samples of all commonly used animal species, eliminating the need to develop unique peptide methods for each individual therapeutic candidate."
Why is there a need for additional characterization of ADAs beyond just their detection?,"Additional characterization of ADAs may be necessary driven by product-specific, indication-specific, or risk assessment-based objectives, which could include immunoglobulin subclass or isotype determinations, domain-mapping, relative binding affinity, cross-reactivity with endogenous proteins, or complement activating ability of the ADA."
Why is Fe-alginate considered a better culture substrate for cells compared to Ca-alginate?,"Fe-alginate is considered better because it overcomes deficiencies of Ca-alginate such as poor protein adsorptive capacity, allowing good cell adhesion and proliferation."
What impact does the M/G ratio have on the mechanical properties of Ca-alginate gels?,The M/G ratio influences the mechanical properties of Ca-alginate gels; higher G-content results in higher mechanical strength and more stability over time compared to higher M-content.
How was the cell proliferation on Fe-alginate films with differing M/G ratios evaluated in the study?,Cell proliferation was evaluated by seeding normal human dermal fibroblasts on Fe-alginate films with differing M/G ratios and quantifying the degree of cell proliferation through cell counting after specific periods.
What was observed about the gel condition and cell proliferation of high-G content Fe-alginate compared to high-M content Fe-alginate?,"The study observed that high-G content Fe-alginate gels showed little change in condition after 16 days and supported better cell proliferation, whereas high-M content Fe-alginate gels became thicker and lost dry weight over time, leading to suboptimal cell growth."
What conclusion can be drawn about the relationship between Fe-alginate composition and its effectiveness as a cell culture substrate?,"The study concluded that the stability of the gel during culture is a major factor influencing cell growth on Fe-alginate films and that cross-linkage stability varies with alginate composition. High-G content Fe-alginate had more stable cross-linkage with ferric ions, supporting better cell proliferation."
What was the initial treatment considered for the 17-year-old boy who sustained blunt trauma to his left eye?,Surgical intervention was contemplated.
What were the two main considerations for managing the boy's eye condition?,"The mechanisms involved in the formation and closure of the traumatic macular hole and detachment, and whether a waiting period is advisable before undertaking any surgical repair."
What spontaneous change occurred to the macular hole (MH) three days after the initial examination?,The macular hole reduced in size to 218 micrometers.
What was the condition of the boy's eye three weeks post-trauma?,"The chorioretinal scarring and pigmentary changes at the macula were very prominent, with significant atrophy and thinning of all retinal layers, and the foveal thickness was 82 micrometers."
"Despite the anatomical reattachment of the retina, why did functional visual improvement fail to occur?",Functional visual improvement failed to occur because of irreversible changes at the macula.
What are the major advantages of semiconductor quantum dots over traditional organic dyes in biological applications?,"Semiconductor quantum dots have size- and composition-tunable emission, narrow emission spectra, and excellent photostability."
What is the significance of bioconjugated nanoparticles in pathogen detection?,"Bioconjugated nanoparticles allow for specific targeting or signal enhancement in pathogen detection, and they can enhance the signal and binding avidity by creating a multivalency effect."
How were the cadmium telluride quantum dots bioconjugated for the detection of RSV infection?,The cadmium telluride quantum dots were bioconjugated by mixing thioglycolate-coated particles with RSV anti-F protein monoclonal antibodies and then stabilized and reacted with EDC/NHS for conjugation.
What were the main findings when using bioconjugated nanoparticles to detect RSV infection in vitro and in vivo?,"Bioconjugated nanoparticles could rapidly and sensitively detect RSV infection in both cell lines and mice, and the detection could be done in a single step format which improves detection time and reduces background staining."
What was the main conclusion drawn from the study regarding the use of bioconjugated nanoparticles?,"The study concluded that bioconjugated nanoparticles can be used to detect RSV infection both in vitro and in vivo, and they may be useful for multiplexed detection of viral and/or host cell antigens, as well as for targeting sites of virus infection with antiviral agents."
What was the aim of the transcultural research on mood disorders discussed in the article?,"The aim was to produce a hypothesis that unifies the different manifestations of discomfort, particularly through mood symptoms, and to see if pathological behaviors in certain contexts could have adaptive effects in others."
How did H. B. Murphy contribute to the research on mood disorders?,"H. B. Murphy performed historical analysis of depression descriptions in Europe, focusing on the contributions of physicians and clergy from previous centuries, which led to identifying the 'English malady' in 17th-century England."
"What change in society coincided with the shift in symptoms of depression to low self-esteem, feelings of guilt, and helplessness during the 17th century in England?","The shift coincided with profound social upheaval, including the rise of industrialization, the end of the extended family typical of the rural world, and the emphasis on individual responsibility."
How did the School of Dakar interpret the expression of discomfort in West African populations?,"The School of Dakar hypothesized that the specificity of West Africa in expressing discomfort was due to the main mother-child and community-individual relationships creating a symbiotic personality, with discomfort expressed as a feeling of separation from the group."
What was an unusual finding regarding depression in the study conducted on the Dogon plateau?,"The study found that the prevalence of depressive disorders on the Dogon plateau was lower than what had been found in similar studies in Europe, urban Africa, or war conditions, with depression rarely considered a disease within traditional treatment systems."
What is c1q nephropathy characterized by and what is its clinical setting?,C1q nephropathy is characterized by extensive c1q mesangial deposition and presents in the clinical setting of steroid-resistant proteinuria.
What were the initial clinical symptoms of the three-year-old boy discussed in the article?,The three-year-old boy had intermittent fever for seven days and foamy urine for five days.
"What kind of mutations are associated with Dent's disease, as observed in the patient's family?","Dent's disease is associated with inactivating mutations in the CLCN5 gene, which was identified in a maternal cousin and suggested in the patient's grandfather who had a history of proteinuria and chronic renal failure."
Which virus was diagnosed in conjunction with the patient's renal symptoms?,Epstein-Barr virus (EBV) was diagnosed in conjunction with the patient's renal symptoms.
Why was steroid therapy not administered to the patient and what is a characteristic of Dent's disease?,"Steroid therapy was not administered to the patient due to active EBV infection. Dent's disease is characterized by low-molecular-weight proteinuria, hypercalciuria, nephrocalcinosis/nephrolithiasis, and progressive renal failure."
"What is anti-NMDA receptor encephalitis, and what are the common presentations of the disease?","Anti-NMDA receptor encephalitis is an acute, immune-mediated paraneoplastic syndrome that typically presents with a flu-like illness followed by behavioral changes, psychosis, memory deficits, dyskinesia, seizures, deteriorated consciousness, and autonomic instability."
What are some good prognostic factors for anti-NMDA receptor encephalitis?,"Good prognostic factors for anti-NMDA receptor encephalitis include milder severity of symptoms, no need for intensive care, early immunotherapy, and prompt tumor removal."
"Which demographic is predominantly affected by anti-NMDA receptor encephalitis, according to Dalmau's group?","Anti-NMDA receptor encephalitis predominantly affects females, with an 81% female predominance."
What first-line immunotherapies are recommended for treating anti-NMDA receptor encephalitis?,"The recommended first-line immunotherapies for treating anti-NMDA receptor encephalitis are corticosteroid, intravenous immunoglobulin, and plasmapheresis."
What was the result of the IQ test three years after the onset of anti-NMDA receptor encephalitis in the young patient described in the case report?,"Three years after the onset of anti-NMDA receptor encephalitis, the IQ test showed no significant change except for performance IQ improvement from 58 to 64."
What is the most common paediatric orthopaedic pathology mentioned in the article?,Adolescent idiopathic scoliosis (AIS)
What animal models have been most effective in scoliosis research according to the article?,Pinealectomized chickens and bipedal infant rats
What is the relationship between melatonin and the development of experimental scoliosis in the animal models discussed?,"Removal of the pineal gland, which disturbs melatonin synthesis, leads to three-dimensional deformation of the spinal column."
"According to the article, how does the incidence of Adolescent Idiopathic Scoliosis (AIS) differ between adolescent girls and boys?","The incidence is much higher in adolescent girls compared with boys, with ratios from 1:7 to 1:10."
What was the main objective of the electrophysiology studies on AIS patients mentioned in the article?,"To study the functioning of brain structures that regulate melatonin secretion in patients with AIS to better understand the aetiopathogenesis and possibly to develop methods for prevention, treatment, and prognosis of the deformation process."
What was the main goal of the study conducted at the affiliated hospital of Erzincan University of Medical Sciences?,"The main goal of the study was to determine the best age range for performing routine male circumcision with respect to anesthetic approach, complications, and costs."
How were the children divided into groups for the circumcision study?,"The male children applying to the hospital for circumcision were divided into 3 groups based on age: Group 1 consisted of children younger than 1 year, Group 2 consisted of children ages 1-7, and Group 3 consisted of children older than 7."
Which group had the lowest anesthesia complication rates and costs associated with circumcision in the study?,"Group 1, which consisted of children younger than 1 year old, had the lowest anesthesia complication rates and costs associated with circumcision."
"What sedation agents were used for children in Group 1, and what was their effectiveness?","Sedation was achieved with midazolam for 364 children (97.3%) in Group 1, and the addition of ketamine was required for 10 children (2.7%). Midazolam by itself provided effective sedation in 97% of the children in Group 1."
What did the study report about the timing of male circumcision and future psychosexual functions?,"The study reported that circumcision in the phallic period does not affect psychosexual functions, and that the risk of premature ejaculation is higher in children circumcised after age 7."
What is a common complication that can occur during laparoscopic surgeries such as laparoscopic totally extraperitoneal inguinal hernia repair?,Pneumothorax
What are some conditions that can be caused by the use of carbon dioxide during laparoscopic surgery?,"Subcutaneous emphysema, pneumothorax, pneumomediastinum, pneumopericardium, and gas embolism"
Why was a tube thoracostomy performed on the patient instead of maintaining endotracheal intubation and elevating the positive end-expiratory pressure?,"A tube thoracostomy was performed due to the occurrence of mediastinal shift, hypotension, and tachycardia, as a measure for the safe management of the patient."
What hypothesis explains the occurrence of subcutaneous emphysema in the neck and upper chest area during the case described in the article?,"The hypothesis is that CO2 entered the retroperitoneal space and then it entered the pleural space and mediastinum along the tissue plane, which is consistent with the pathway for the subcutaneous emphysema that occurred."
What are the advantages of laparoscopic TEP inguinal hernia repair compared to laparoscopic transabdominal preperitoneal hernia repair or an open procedure?,"The advantages include a low recurrence rate, reduced risk of intraabdominal infection or contamination, less damage to intra-abdominal organs and adhesion, less postoperative pain, and a quicker return to daily activities."
What is the main cause of hospitalizations in children under one year old due to acute viral bronchiolitis in the United States?,Infection with respiratory syncytial virus (RSV) is the cause of 50 to 80 thousand hospitalizations annually.
"What was the average hospitalization duration for infants aged 1 to 12 months treated with epinephrine, according to the study by Bertrand et al (2001)?",The average hospitalization duration was 4.1 days for the epinephrine group.
What was the significant finding in the present study regarding the treatment of acute bronchiolitis with nebulized epinephrine compared to nebulized salbutamol?,The study found that there was a significant difference in hospitalization duration and RDAI index between patients receiving epinephrine compared to those receiving salbutamol.
What limitation did the present study acknowledge that could affect the results?,The study acknowledged the limitation of a low sample size due to time and budget constraints.
What did the previous meta-analysis study by Hartling et al (2003) establish regarding the treatment of acute bronchiolitis?,"The meta-analysis by Hartling et al (2003) established that short-term treatment with epinephrine is preferred to salbutamol, but conclusive evidence was still insufficient."
What percentage of children aged 2-19 years in the US are considered overweight or obese according to the article?,31.7%
"What was the primary focus of the community-based, family-centered, culturally tailored obesity prevention randomized controlled trial mentioned in the article?","The intervention was designed for Latino families with preschool aged children to improve nutritional family habits, increase physical activity, and decrease screen time."
"According to the article, what factor influences the establishment of norms and routine practice of healthy behaviors?",The social environment influences the establishment of norms and routine practice of healthy behaviors.
What is the difference between social support and social networks as outlined in the article?,"Social support is measured from the respondent's perspective to assess the support an individual perceives to have, such as emotional, cognitive, and tangible support. Social networks typically measure the presence or absence of friendships and task- or work-oriented relationships, and treat the ties themselves as objects of study."
What selection effect did the study find among the participants of the pediatric obesity group-based prevention trial?,The study found that mothers were forming friendship ties with other mothers whose children had a similar BMI z-score to their own children's.
What is the significance of the STG/TSH ratio in the treatment of differentiated thyroid cancers?,"The STG/TSH ratio is used to predict the success of radioactive iodine remnant ablation (RRA) in patients with differentiated thyroid cancers (DTC), with a lower ratio indicating higher chances of successful ablation."
What cutoff value of preablation STG and STG/TSH ratio was found to have high sensitivity and specificity in predicting ablation outcome?,A cutoff value of 18 ng/ml for STG and 0.35 for STG/TSH ratio was determined to have high sensitivity and specificity in predicting the outcome of ablation.
What is considered a successful ablation in patients with differentiated thyroid cancers?,"Successful ablation is defined as STG < 2 ng/ml with negative anti-TG antibodies, no evidence of tumor on diagnostic whole body iodine scan (WBIS) as well as on neck ultrasound 6-12 months after RRA."
Why might patients with a STG/TSH ratio > 0.35 be placed in ATA and ETA high risk categories?,"Patients with a STG/TSH ratio > 0.35 may be considered for high risk categories because the STG/TSH ratio has a significant association with radioactive iodine remnant ablation outcome, potentially more so than tumor size and capsular invasion."
"What factors were not found to be significantly associated with RRA outcome, according to the study?","Age, gender, type of tumor, size of tumor, and capsular invasion were not found to be significantly associated with radioactive iodine remnant ablation (RRA) outcome."
What was the primary aim of the study conducted at the Yaounde Gynaeco-Obstetric and Pediatric Hospital?,"The study aimed at determining the incidence and risk factors of neonatal bacterial infections, the clinical and bacteriological profile and sensitivity to antibiotics used, and the clinical outcomes in the hospital."
What antibiotics were initially administered to neonates with suspected infections in the study?,"The neonates were placed on triple antibiotherapy with ampicillin, cefotaxime, and gentamycin."
What percentage of neonatal deaths occurred in the early neonatal period within this study?,93.8% of the deaths occurred in the early neonatal period.
Which pathogens were the most frequently isolated in cultures from the neonates in the study?,"The most frequently isolated pathogens were Klebsiella spp, Escherichia coli, and Enterobacter spp."
How was data analyzed in the neonatal bacterial infections study at the Yaounde Gynaeco-Obstetric and Pediatric Hospital?,Data was entered in Epi Info 2000 and analyzed with the Statistical Package for Social Sciences version 11.0 (SPSS 11.0) software.
Why are Schiff bases considered significant in the medicinal and pharmaceutical field?,"Schiff bases are considered significant in the medicinal and pharmaceutical field for their broad spectrum and a wide variety of biological activities including antimicrobial, anti-inflammatory, anticonvulsant, antitumor, and anti-HIV activities."
What is the essential structural requirement for biological activity in azomethine derivatives?,The HC=N linkage is an essential structural requirement for biological activity in azomethine derivatives.
How were the newly synthesized Schiff bases related to benzamides evaluated for their biological activities?,The newly synthesized Schiff bases related to benzamides were evaluated for their biological activities by antimicrobial studies using the disc diffusion method and by antioxidant properties using DPPH free radical scavenging and superoxide radical scavenging.
What was the main reason for selecting BSA as a target protein molecule for studying interaction?,"BSA was selected as a target protein molecule for studying interaction because of its medically important, unusual ligand-binding properties, availability, and structural homology with human serum albumin (HSA)."
What was observed in the fluorescence spectra of BSA in the presence of different concentrations of NABP?,"In the fluorescence spectra of BSA in the presence of different concentrations of NABP, the emission intensity of BSA decreased regularly, indicating that the NABP can interact with BSA and quenches its intrinsic fluorescence."
"Which compounds exhibited potent antibacterial and antifungal activities in the study, and what was significant about their structures?","Compounds 5a, 5e, 5g, and 5h exhibited potent antibacterial activity, while compounds 5a, 5g, and 5h displayed better antifungal activity. The presence of fluoro groups and electron-withdrawing or -donating groups on the phenyl ring enhanced the biological activity of these compounds."
What medical condition does the article's investigation by Wacharasint and colleagues focus on in the context of obesity?,Septic shock
What is the 'obesity paradox' as mentioned in the article?,"The 'obesity paradox' refers to the notion that obesity may confer a protective effect in certain disease states, leading to no effect on mortality or even a decrease in mortality despite longer ICU stays and time to resolve organ failure."
"According to the article, which complications are obese ICU patients at higher risk for?","Obese ICU patients have higher rates of ventilator-associated pneumonia, deep vein thrombosis, pulmonary embolism, and cardiovascular complications."
"What are the three possible explanations provided in the article for better outcomes in the ICU for the obese, particularly the morbidly obese?",First is the possibility of heightened attention leading to improved outcomes; second is the retrospective or post hoc nature of the studies that suggest an obesity paradox; third is the notion that the observed obesity paradox might be a mirage and not actually exist.
How has the care for morbidly obese patients improved according to the article?,"Care for morbidly obese patients has improved through better turning, skin, mobilization, oral and pulmonary toilet protocols, the availability of imaging tables that support their weight, and improved diagnosis, glycemic control, and ventilation and extubation protocols."
What is the primary complication associated with radiotherapy for abdominal and pelvic tumors?,Radiation-induced gastrointestinal disorder
What is the only FDA-approved radioprotectant mentioned in the article?,Amifostine
What experimental model did the study use to measure the radioprotective effects of polaprezinc (PZ)?,An established animal model that measured the intestinal stem cell survival as the number of crypts per cross section after ionizing radiation.
"In the study, how was the timing of PZ administration in relation to ionizing radiation determined to be optimal?","The optimal timing was determined to be when PZ was administered 2 hours prior to ionizing radiation, as it showed improved protective effects."
What was the main finding regarding the radioprotective effects of PZ on intestinal stem cells?,PZ protects the intestinal stem cells from cell death caused by ionizing radiation and can reduce gastrointestinal toxicity associated with radiotherapy.
Which signaling pathways are frequently altered in thyroid carcinomas according to recent molecular findings?,The MAPK (mitogen-activated protein kinase) and PI3K (phosphatidylinositol-3-kinase) signaling pathways are frequently altered in thyroid carcinomas.
How does suppression of the TSH receptor impact postoperative management of differentiated thyroid cancer?,TSH suppressive therapy with L-thyroxine is a well-established therapy in the postoperative management of differentiated thyroid cancer.
What role do ACTH and the cAMP/PKA signaling pathway play in adrenocortical cancers?,"In adrenocortical cancers, ACTH and the cAMP/PKA signaling pathway are mainly involved in regulating steroid hormone synthesis and cellular differentiation rather than controlling cellular proliferation and tumor growth."
What is suggested by the loss of FSH receptor (FSHR) expression in some ovarian cancers?,"The loss of FSH receptor (FSHR) expression in some ovarian cancers suggests that FSH may be a growth-promoting factor important at early stages of ovarian epithelial tumorigenesis, with some ovarian tumors losing their requirement for FSH later in tumor development."
Why might the IGF system represent a promising therapeutic target for endocrine tumors?,"The IGF system might represent a promising therapeutic target for endocrine tumors because it plays a crucial role in deregulated cell proliferation and transformation, and aberrant expression of receptors belonging to this system could be involved in cancer development, progression, and metastasis."
What is the major virulence factor of Haemophilus influenzae type b (Hib)?,The Hib capsule composed of a polyribosyl ribitol phosphate (PRP) is its major virulence factor.
Why did the first generation vaccines for Hib not protect infants?,"The first generation vaccines for Hib stimulated a T cell-independent immune response, which did not protect infants."
What was the main challenge in Hib vaccine production discussed in the article?,The main challenge in Hib vaccine production is to develop a cost-efficient vaccine.
"How were the effects of temperature, agitation, and initial pH on Hib growth examined in the study?","The effects were examined using a central composite design (CCD) and response surface methodology (RSM) to find their optimum, lower, and upper values in maximizing Hib biomass and PRP production."
What were the optimum values for the treatment factors that increased Haemophilus influenzae type b biomass production?,"The optimum values were agitation at 250 rpm, temperature at 35Â°C, and initial pH at 8.5."
What are some common reasons for delayed tooth eruption mentioned in the article?,"Insufficient space, early loss of primary teeth with closure of space, crowding of arches, and rotation of tooth buds are common reasons for delayed tooth eruption."
What systemic conditions are usually associated with multiple impacted teeth?,"Syndromes, metabolic, and hormonal disorders are systemic conditions usually associated with multiple impacted teeth."
What did the panoramic radiograph (OPG) reveal about the 17-year-old male patient's condition?,"The OPG revealed the presence of impacted, unerupted, and missing permanent teeth."
Which molecules are considered to be major tooth eruption regulators?,"EGF, EGF-R, CSF-1, CSF-1R, IL-1, IL-1R, c-fos, NFb, MCP-1, TGF-1, PTHRP, CBFA-l (now called RUNX2), OPG, RANK/RANKL are major tooth eruption regulators."
Why was an idiopathic diagnosis considered for the patient with multiple impacted teeth?,"An idiopathic diagnosis was considered because the patient was lost to follow-up, hence genetic and other studies could not be performed to determine the cause, making it unknown."
What is the significance of using composite extract (CE) in the study of antidiabetic activity?,"The study aims to investigate the potent antidiabetic activity of composite extract, which includes a combination of extracts from various plants, as it was found that composite extract is generally more effective than single plant extracts for treating diabetes."
What effect did the aqueous leaf extract of Aegle marmelos have on diabetic rats?,The aqueous leaf extract of Aegle marmelos improved the functional state of pancreatic cells in streptozotocin-induced diabetic rats and produced antihyperglycaemic activity.
How did the oral administration of Murraya koenigii leaf extract affect blood glucose levels in experimental diabetic rats?,Murraya koenigii leaf extract significantly decreased the level of blood glucose in experimental diabetic rats.
What were the observed effects of composite extract (CE) at a dose of 100 mg/kg body weight on blood glucose and levels of advance oxidation protein product (AOPP) in diabetic rats?,Composite extract (CE) at a dose of 100 mg/kg body weight significantly lowered the blood glucose level to near normal levels and offered significant reduction in the level of AOPP in diabetic rats.
What was the impact of composite extract treatment on the serum lipid profile of diabetic rats?,"Composite extract treatment led to a significant decrease in total cholesterol, triglyceride, LDL, and VLDL levels while increasing HDL levels in diabetic rats."
What is CAM as described in the study and how is it graded?,"CAM, or Acute Chorioamnionitis, is defined as the presence of polymorphonuclear leukocytes in the chorion or amnion layers of the placental membranes, with or without necrosis of the membranes. It is graded on a three-grade scale: Grade 1 indicates the presence of polymorphonuclear leucocytes at the subchorionic plate and/or lower third of chorion; Grade 2 shows at least two separate foci of leucocytic infiltration in chorion and amnion; and Grade 3 involves extensive leucocytic infiltration in chorion and amnion, together with necrosis of amniotic epithelium and/or microabscess formation."
"Which factors were found to be independently associated with the risk for stillbirth at term, according to the study?","CAM (Acute Chorioamnionitis), chronic villitis, immature placental villi, SGA (Small for Gestational Age), and maternal overweight/obesity were found to be independently associated with the risk for stillbirth at term."
What does chronic villitis in the placenta indicate and what are its potential associations with stillbirth?,"Chronic villitis is characterized by the presence of a mononuclear cell infiltrate in the villous stroma, often with destruction or necrosis of the villous parenchyma. It has been associated with intrauterine growth restriction (IUGR) in several studies, although its eventual association with stillbirth has not been adequately investigated until this study, where it was found to be overrepresented in stillbirth placentas and associated with approximately a four-fold risk for stillbirth in term pregnancies."
What were the main aims of the study conducted by the group?,"The main aims of the study were to elucidate differences in the frequency and severity of CAM and villitis in placentas from stillborn neonates compared with liveborn controls at term, and to evaluate other risk factors and placental findings in the study group."
How was the control group for the study selected and what were the criteria for inclusion?,"The control group was recruited as the first term liveborn infant subsequent to the stillborn case, born in the same delivery ward independent of delivery method. Controls were included only if they were term singleton pregnancies."
What is the percentage of the general adult population that reported gambling in the past 12 months according to the British Gambling Prevalence Survey (BGPS)?,73%
What percentage of homeless individuals in the Westminster study were found to have a past year level of problem gambling on the PGSI?,11.6%
"How is problem gambling significantly associated with substance use, according to Petry, Stinson, & Grant (2005)?","Problem gambling is significantly associated with substance use, mood, anxiety, and personality disorders."
What was the combined rate for treatment seeking across all gambling services as indicated in the 2002 National Epidemiologic Survey on Alcohol and Related Conditions?,9.1%
What was the most common primary substance used by participants in the study who disclosed any drug use in the past month?,Cocaine/crack
When did the Framingham Heart Study originally begin and what sub-study was initiated in 2002?,"The Framingham Heart Study originally began in 1948, and the multi-detector computed tomography (MDCT) sub-study was initiated in 2002."
How was VAT defined in the study and how was it quantified?,VAT was defined as adipose tissue inside the abdominal muscular wall and it was quantified from CT scans using a semi-automatic segmentation technique at a dedicated offline workstation.
What criteria were used to define metabolic syndrome in the study?,"Metabolic syndrome was defined by modified Adult Treatment Panel III criteria, which included impaired fasting glucose, high triglyceride levels, and modified blood pressure criteria to include treatment for hypertension."
What were the significant findings related to SAT and VAT on cardiometabolic risk factors among the study participants?,"The study found that while overall and visceral adiposity increases with age, increased SAT was associated with beneficial effects on triglyceride levels in those with the most visceral fat, suggesting that subcutaneous fat may have a protective role against cardiometabolic risk factors in obese individuals."
What were the limitations of the study mentioned in the article?,"The limitations of the study included its cross-sectional design, which precludes inferences of causality, the lack of ethnic diversity possibly affecting generalizability to nonwhite groups, and the absence of data on subcutaneous fat stores other than abdominal, preventing the generalization of findings to gluteofemoral fat."
How common are infections with gram-negative organisms in permanent pacemakers (PPMs) and implantable cardioverter-defibrillators (ICDs)?,Infections with gram-negative organisms in PPMs and ICDs are uncommon.
What type of infection did the patient in the case report have in his ICD pocket?,The patient had an ICD pocket infection with Salmonella enterica serotype Blockley.
What risk factors increase the likelihood of cardiac implantable electronic devices (CIED) becoming infected?,"Risk factors include diabetes mellitus, previous glucocorticoid therapy, underlying malignancy, operator inexperience, multiple lead placement, advanced patient age, oral anticoagulant use, frequent generator replacement, heart failure, fever before implantation, use of temporary pacing catheters, nonpectoral implantations, and renal dysfunction."
What organism is most frequently implicated in infections occurring within two weeks of CIED implantation?,Staphylococcus aureus is most frequently implicated in infections occurring within two weeks of CIED implantation.
"How was effective treatment achieved for the patient with the S. Blockley infection, and what was the prescribed course of antibiotics?","Effective treatment was achieved with the removal of the device and prolonged administration of ceftriaxone, and the patient was prescribed a 7-day course of amoxicillin clavulanate after a 21-day course of ceftriaxone."
What histological feature is indicative of a diagnosis for neutrophilic eccrine hidradenitis (NEH)?,An inflammatory neutrophilic infiltrate surrounding the deep part of the eccrine glands and edema of the dermis.
What type of dermatosis is NEH usually associated with and what is its main characteristic?,"NEH is usually associated with neutrophilic dermatoses, which are characterized by infiltration of the skin by normal polymorphonuclear neutrophils without identifiable infectious or other causes."
"Which patient population is NEH commonly associated with, according to the article?",NEH is associated with the adult population diagnosed with leukemia and receiving chemotherapy.
"What condition can facial NEH mimic, making it critical for proper recognition to avoid unnecessary treatments?","Facial NEH can mimic cellulitis, making proper recognition critical to prevent unnecessary usage of antibiotics."
What symptomatic treatment was given to the patient with classic NEH lesions described in the article?,The patient was given a symptomatic treatment with potent corticosteroid cream.
What was the primary reason for the 43-year-old woman's lung transplantation in 2003?,The lung transplantation was due to severe chronic respiratory failure caused by bilateral bronchiectasis.
Which complications did the patient face post lung transplantation?,The patient faced complications such as bronchiolitis obliterans syndrome stage 1 and episodes of acute respiratory distress.
What kind of treatment did the patient receive for immunosuppression?,"The patient's immunosuppressive regimen included tacrolimus, low-dose steroids, and monthly courses of extracorporeal photopheresis."
What were the results of the phylogenetic analysis regarding the HCoSV strain the patient was infected with?,The phylogenetic analysis showed that the HCoSV strain clustered with species E strains found in Australia and Bolivia and recombinant D/E strains circulating in Nigeria.
What was unique about the patient compared to other hospitalized patients with gastrointestinal symptoms during the same period?,The patient's uniqueness lay in the prolonged immunosuppressive therapy and chronic gastrointestinal symptoms with persistently HCoSV-positive fecal samples.
Why were previous studies' estimations of mortality in warfarin users with upper gastrointestinal hemorrhage potentially overestimated?,"Previous studies did not adjust for comorbidity when analyzing the outcome of upper gastrointestinal hemorrhage in warfarin users, which may have resulted in an overestimation of the association between mortality and warfarin use."
What was the main purpose of the analysis conducted in the study at Waikato Hospital?,"The main purpose of the analysis was to compare 30-day mortality from upper gastrointestinal hemorrhage in warfarin users with a supratherapeutic international normalized ratio (INR) to 30-day mortality in non-warfarin users, adjusting for potential confounding by matching to a control group for variables known to influence survival in upper gastrointestinal hemorrhage."
What variables were patients matched for in the study to ensure comparable groups?,"Patients were matched for age, sex, pre-endoscopy Rockall score, year of upper gastrointestinal hemorrhage, inpatient or outpatient status, and the presence of disseminated cancer at presentation."
How was a supratherapeutic anticoagulation (SA) group defined in the study?,All patients taking warfarin who had an INR of 3 or higher were included in a supratherapeutic anticoagulation (SA) group.
What trend in endoscopic diagnoses was observed in the SA group compared to the control group?,There was a trend toward more benign endoscopic diagnoses in the SA group compared to the control group.
What is the common treatment approach for adult intussusception and why?,"The common treatment approach for adult intussusception (AI) is surgical resection because up to 95% of cases are associated with a lead point, which could be indicative of a pathology such as malignancy."
How does the management of intussusception in adults differ from that in children?,"The management of intussusception in adults usually involves surgical resection, whereas in children, the treatment is primarily based on radiological reduction."
What unique condition was identified in the 41-year-old female patient presented in the article?,The unique condition identified in the 41-year-old female was multiple transient simultaneous small bowel intussusceptions that were discovered intraoperatively.
What was the outcome following the exploratory laparoscopy for the patient mentioned in the article?,"After the exploratory laparoscopy, the patient had a resolution of symptoms and had no recurrence after 3 years of follow-up."
Why might some cases of adult intussusception not require surgical intervention?,"Some cases of adult intussusception may not require surgical intervention because with the increased use of CT scans, transient intussusceptions with no underlying disease are more frequently detected and these may reduce spontaneously without the need for excision."
What initiates the inflammatory response in sepsis according to the article?,The release of endotoxins such as bacterial cell wall lipopolysaccharides (LPS) from gram-negative and gram-positive pathogenic bacteria initiates the inflammatory response in sepsis.
"What are the consequences of excessive production of ROS, RNS and proteolytic enzymes during SIRS and sepsis?","Excessive production of ROS, RNS, and proteolytic enzymes during SIRS and sepsis can cause microvascular dysfunction followed by organ dysfunction."
How does the article describe the role of microvascular endothelial cells in sepsis?,"Microvascular endothelial cells become activated in sepsis, contributing to the amplification of the inflammatory response, and they also become a target and a source of ROS and RNS, contributing to the onset of organ dysfunction."
What does the article suggest is a major challenge in improving outcomes for sepsis patients?,"A major challenge in improving outcomes for sepsis patients is the complexity of SIRS and sepsis, which has resulted in little progress being made despite efforts to block components of the associated inflammatory pathways."
"According to the article, what is the impact of activated protein C (APC) in the treatment of sepsis?","Activated protein C (APC) can stabilize endothelial barrier function and reduce the adherence of leukocytes to the endothelium, but its benefits may be outweighed by adverse effects such as an increased rate of hemorrhage."
What percentage of urothelial carcinomas are upper urinary tract urothelial cancers (UUTUCs)?,5% to 10%
What is the gold-standard treatment for UUTUCs?,Radical nephroureterectomy (RNU) with excision of the bladder cuff
Which surgical technique was found to be most appropriate with a balance between lesser invasiveness and favorable oncologic outcomes for patients with organ-confined disease and without a history of bladder cancer?,Laparoscopic nephroureterectomy (LNU)
What was the objective of the retrospective study conducted over a 15-year inclusion interval?,"To compare the oncologic outcomes of UUTUC after laparoscopic nephroureterectomy (LNU), hand-assisted laparoscopic nephroureterectomy (HALNU), and open nephroureterectomy (ONU)"
"What were the 5-year recurrence-free survival (RFS) rates for patients who underwent ONU, HALNU, and LNU?","57.1% in the ONU group, 12.5% in the HALNU group, and 69.2% in the LNU group"
What type of reaction do humans have when they become accidental hosts of Anisakis simplex by consuming undercooked fish?,"Humans can have an acute parasitism that produces an IgE-mediated hypersensitivity reaction with symptoms like acute urticaria, angioedema, or anaphylaxis."
What differentiates Gastroallergic Anisakiasis (GAA) from Chronic Urticaria associated with Anisakis (CU+)?,"In GAA, the acute reaction indicates the moment the human immune system comes in contact with the nematode, accompanied by higher antibody levels, whereas CU+ has lower antibody levels and is indicative of a longer time since the last parasitic episode."
How long after a parasitic episode by A. simplex can IgE be detectable in human sera or through skin prick tests?,IgE can be detectable in human sera or through skin prick tests for more than ten years after a parasitic episode by A. simplex.
"What did the study find about the correlation between IgG avidity and the presence of specific IgE, IgG, and IgG4 as well as total IgE in patients?","The study found that IgG avidity was positively correlated with the presence of specific IgE, IgG, and IgG4, as well as total IgE."
What was the main explaining factor for the IgE avidity in patients with Gastroallergic Anisakiasis (GAA) according to the linear regression analysis?,The time interval between the acute parasitic episode and the serum sample was the main explaining factor for IgE avidity in GAA patients.
What is the main concern regarding dental treatment in postmenopausal women with osteoporosis?,The main concern is how postmenopausal osteoporosis and the risks associated with medications used to treat it complicate decision making during the planning phase of dental implant therapy.
What is osteonecrosis of the jaws (ONJ) and how is it related to dental treatment?,"Osteonecrosis of the jaws (ONJ) is a condition associated with the use of bone sparing medications like bisphosphonates, and it is characterized by abnormal features in the jaws but no visible necrotic bone, making it difficult to fully adjudicate."
How were the participants for the quality of life (QoL) study on dental implants selected?,"Participants were selected from the Case/Cleveland Clinic Postmenopausal Wellness Collaboration (CCCPW) database, and included otherwise healthy, partially edentulous, postmenopausal women having osteoporosis."
What was the aim of the study discussed in the article?,The aim of the study was to compare the quality of life in partially edentulous osteoporotic women who have missing teeth restored with dental implant retained restorations with those who do not.
What were the findings of the study regarding dental implant supported restorations and quality of life?,"The study found that implant retained oral rehabilitation of missing teeth has a statistically significant impact over nonimplant and traditional fixed restorations, removable restorations, and no restoration of missing teeth in areas including occupational, health, emotional, sexual, and overall quality of life."
What is the main challenge in treating fusiform aneurysms of the basilar artery?,"The main challenge in treating fusiform aneurysms of the basilar artery is due to the presence of perforating vessels, the proximity to the brain stem and exiting cranial nerves, and the difficulty of the surgical approaches necessary to access the basilar artery."
What symptoms did the 53-year-old man present with upon admission to the emergency department?,"The 53-year-old man presented with sudden right hemiplegia, hemianopsia, and dysarthria."
How did the patient's neurological symptoms change after admission?,"The patient's neurological symptoms progressively improved during the first hour after admission, leaving only a right facial palsy."
What complication did the patient suffer from following the diagnosis of a basilar fusiform aneurysm?,The patient suffered from a massive subarachnoid hemorrhage following the diagnosis of a basilar fusiform aneurysm.
What is the mortality rate for patients with fusiform basilar aneurysms if the basilar artery becomes occluded?,The mortality rate for patients with fusiform basilar aneurysms is approximately 70% if the basilar artery becomes occluded.
Who are the two key figures in the modernisation of the rationale of punishment according to the article?,Beccaria and Bentham
What are the two main ideas that competed as justifications of state punishment in Beccaria's work?,"The neo-classical argument that punishment should be morally equivalent to an offence and constrained by proportionality, and the utilitarian argument that punishment can only be justified by its good consequences."
"According to the article, what cultural and institutional arrangements can make the metaphor of proportionality meaningful and limit punishment in real terms?","The cultural and institutional arrangements that connect appeals to proportionality with a shared frame of common meaning, consensus about legitimate authority, and in a context where actors share expectations of interdependence and the ability to coordinate effective cooperation."
How does the article describe the shift in the justification of punishment from retributive to welfarist during the 20th century?,"Punishment was increasingly constructed in welfarist terms and justified by appeal to its potentially rehabilitative consequences, leading to the development of ameliorative programs and treatments."
"What has been the impact of the justice model on the scale of punishment in liberal market countries like the United States and England, according to the article?","The scale of punishment has increased, with higher imprisonment rates, the rise of mandatory sentencing systems, deteriorating prison conditions, and stigmatising post-sentence conditions."
How are the survival rates of patients with PDTC compared to those with WDTC?,"The survival rates are considerably lower in patients with PDTC (50% at 5-year, 34% at 10-year, and 0% at 15-year) than those in patients with WDTC (95% at 5-year, 86% at 10-year, and 81% at 15-year)."
What is the main imaging method used for the preoperative evaluation of thyroid nodules?,Ultrasound is the most important imaging method used for the preoperative evaluation of thyroid nodules.
What were the inclusion criteria for the patients studied in the research conducted by Peking Union Medical College Hospital?,"Patients with primary PDTC treated at Peking Union Medical College Hospital from November 2003 to December 2013, excluding cases with incomplete clinical data, without surgical treatment, initial surgery at another hospital, and no ultrasound reports."
What significant differences were found between PDTC and PTC in terms of family history of carcinoma and lymph node metastases?,"Patients with PDTC had a significantly higher frequency of family history of carcinoma than those with PTC (30.8% vs 2.6%, respectively), and PDTC cases had a higher incidence of lymph node metastases (69.2% vs 25.6%)."
"According to the article, what ultrasonic features suggest that a lesion may be PDTC?","The ultrasonic features that suggest a lesion may be PDTC include size larger than 3 cm, clear margin, and irregular/rich blood signals."
What distinctive characteristic was observed in the 6 cases of solitary cutaneous neurofibroma that were studied?,The number of blood vessels in the stroma was unusually higher than that of classic neurofibromas.
What type of staining and immunohistochemistry markers were used to review the biopsy material of the neurofibromas?,"The biopsy material was stained with hematoxylin-eosin, and immunohistochemistry was performed for S-100, CD34 and D2-40."
"How many neurofibromas did Megahed describe, and what are three variants that were mentioned?","Megahed described 10 histopathological variants of neurofibroma, including classic, cellular, and myxoid."
What is the proposed name for the new histopathological variant of neurofibroma with an unusually high vascular density?,The proposed name for the new variant is angioneurofibroma.
What was the average number of blood vessels per 10 high-power fields found in the neurofibroma cases with a densely vascularized background?,The average number of blood vessels was 50.7 per 10 high-power fields in the cases with a densely vascularized background.
What prompted the University of Miyazaki Hospital Trauma and Critical Care Center to start using doctor cars?,Doctor cars were introduced as an alternative in situations where a Helicopter Emergency Medical Service (HEMS) could not be dispatched due to poor visual flight conditions.
What incident is described in the report involving the doctor car?,"The report describes an incident involving a 31-year-old man who was logging trees and was injured by a collapsing tree that damaged his left femur, leading to the dispatch of a doctor car and a physician from a local medical facility due to the inability to dispatch a HEMS."
What medical interventions were performed on the logging accident victim before he was transported to the University of Miyazaki Hospital?,"Direct and indirect compression was applied to achieve hemostasis, a peripheral intravenous line was established, pressure hemostasis with gauze was used, and tracheal intubation was performed en route."
Why is it recommended to carry blood products in doctor cars according to the article?,Carrying blood products such as packed red blood cells in doctor cars is prudent for remote traumas where fluid restriction is not amenable during long-distance transport to proper facilities.
What strategies are emphasized for effectively using doctor cars in emergency situations?,"The strategies emphasized include an early request for a doctor car, reducing the time to reach the docking point, and sending all relevant information to the destination institute to take full advantage of the abilities of doctor cars."
"What term is used to describe the interaction between the patient, family, and palliative care team?",Collaborative communication
"How many families completed the study related to pediatric cancer patient counseling, and what was the main reason for families that did not complete it?",23 families completed the study; the reasons for non-completion were one child's death and another family opting for alternative medical treatment.
What percentage of parents were open to informing their child about their cancer diagnosis?,35%
What was the consensus among the parents about who should deliver the diagnosis and other information to the child?,100% preferred that the doctors give the information to the child.
What cultural response did the study reveal about Indian parents of children with cancer?,"Indian parents want to shield and protect their children from the knowledge of cancer, delay counseling until after treatment starts, and avoid discussions on prognosis and side effects."
"Why is it important to have good periodontal health before, during, and after orthodontic treatment?","Good periodontal health is important before, during, and after orthodontic treatment to eliminate inflammation which can have a deleterious effect if present during orthodontic treatment."
What is the primary phenomenon that mediates tooth movement in orthodontic treatment?,Tooth movement is primarily a periodontal ligament phenomenon in orthodontic treatment.
How can orthodontic treatment contribute to periodontal health?,"A well-aligned dentition may be more conducive to periodontal health than a crowded dentition because it can reduce the risk of initiating, progressing, and recurring periodontal problems."
What are the most predictable regenerative procedures for achieving favorable treatment outcomes in periodontal therapy?,"Guided tissue regeneration (GTR), demineralized freeze-dried bone allograft, or a combination of these are considered the most predictable regenerative procedures for achieving favorable treatment outcomes."
What role does the orthodontist play in the interdisciplinary treatment planning for cases with severe periodontal tissue loss?,"The orthodontist plays a critical role in changing the topography of a bony defect to a more favorable shape, such as turning a horizontal defect into a vertical, narrow, and deep defect, which can then be treated with regenerative procedures by the periodontist."
How many cases of mucinous cystadenocarcinoma (MCA) have been previously published in the English literature?,Only 18 cases
What type of breast tumor is a mucinous cystadenocarcinoma?,A very rare breast tumor
What were the radiologic findings described for the primary breast MCA in the two patients mentioned?,"The patients' mammographic, ultrasound (US), and magnetic resonance imaging (MRI) findings were reported."
What did the physical examination reveal in the first 59-year-old patient with MCA?,"A 1.5 cm mass in the upper outer quadrant of the left breast, 5 cm from the nipple."
What features did the MRI show in the described cases of MCA?,"The MRI showed that both tumors had cystic and solid masses, with the cystic portion of the masses showing a circumscribed margin and thin rim enhancement, and the intracystic solid portion showing nodular enhancement and heterogeneous enhancement."
What was the time period during which cases of de novo DLBCL were searched from the surgical pathology archives at Inha University Hospital?,January 2006 and December 2013
How many cycles of R-CHOP chemotherapy did the included patients receive?,Six to eight cycles
What criteria were used to designate cases as positive for CD20 immunoreactivity in the study?,Cases were designated as positive when 30% of the tumor cells were immuoreactive for all antibodies except for CD20.
What statistical method was used in the study to select a prognostically relevant cut-off score of CD20 expression?,Receiver operating characteristic (ROC) curve analysis
What were the primary outcomes of interest in the study regarding the patients with de novo DLBCL?,Overall survival (OS) and event-free survival (EFS)
Why is empathy considered important in modern patient-centered care?,"Empathy is important in modern patient-centered care because it indicates one person's appreciation, understanding, and acceptance of someone else's emotions, which is essential for effective communication and patient care."
What was the relationship between students' communication skills and their performance in giving spinal anaesthesia?,"Students' communication skills were evaluated to see if they could effectively alleviate patients' anxiety about pain, which in turn was tested by their performance in giving spinal anaesthesia under direct observation and was assessed using different scales like DOPS and SKBS."
What was the purpose of assigning different questionnaires to the patients in groups P and C after surgery?,The purpose of assigning different questionnaires to patients in groups P (pain) and C (comfort) after surgery was to test the effect of students' communication skills on alleviating patients' anxiety about pain and to see if this could result in different perceptions of pain and comfort post-operatively.
How did the study measure the extent of patient cooperation and the skill of communication acquired by the students?,The study measured the extent of patient cooperation and the skill of communication acquired by the students using the Smith and Kendall Behaviourally Anchored Scale (SKBS).
What were the significant findings regarding pain and comfort levels in groups P and C as per the study's results?,"The study found that there was a significant difference in pain and comfort levels between groups P and C, with group C patients reporting more comfort and less pain post-operatively as indicated by lower Visual Analogue Scale (VAS) and Verbal Numerical Rating Scale (VNRS) scores in group P."
What are the identified characteristics of professional nursing practice mentioned in the article?,"Using knowledge and conceptual models in practice, adopting an interdisciplinary collaborative decision-making approach, including clinical judgment in nursing educational programs, and using evidence, intuition, and autonomy."
How does professional autonomy benefit nurses according to the article?,"Professional autonomy allows nurses to establish relationships, interact with others, and use knowledge and wisdom in daily clinical practice."
What methods were used to collect data in the grounded theory study exploring the process of Iranian nurses' development in clinical judgment?,The researchers used interviews and observations to collect data until they reached data saturation.
What was the core category that emerged from the study regarding Iranian nurses' clinical judgment development?,The core category was 'struggling for becoming professional in clinical judgment'.
What strategies did the nurses in the study use to improve their clinical judgment skills?,"They worked on gaining professional autonomy, integrating clinical judgment skills, making effective educational interventions, and striving for professional and interprofessional collaboration."
What condition was the 31-year-old patient treated for at the dermatology clinic?,"The patient was treated for erythematous patches accompanied by non-painful itching in both nasal alar creases, both perioral areas, and both posterior auricular folds."
What triggers the appearance of skin lesions in the patient even while on steroid treatment?,The skin lesions appeared when he consumed alcohol or was dehydrated.
What kind of injection was administered to the patient as part of the treatment for seborrheic dermatitis?,An injection of 5 ml of 1% mepivacaine was administered for the treatment.
How did the patient's skin lesions respond to the Stellate Ganglion Block (SGB) treatment?,The skin lesions disappeared within three days after the SGB treatment.
"What are some of the presumed major causes of seborrheic dermatitis, as mentioned in the article?","Increased sebaceous gland secretions, the proliferation of Malassezia spp including M. globosa and M. restricta, subsequent inflammation increase, as well as changes in the host immune function are presumed to be some of the major causes of seborrheic dermatitis."
What has recent evidence suggested as the primary cause of interval cancers?,Recent evidence suggests that interval cancers are caused by a deficiency in the quality of colonoscopy rather than accelerated tumor biology.
What is the significance of the adenoma detection rate (ADR) in the context of interval cancers?,The adenoma detection rate (ADR) is an important quality indicator for predicting the risk of interval cancers after screening colonoscopy.
How has the incidence of interval cancers changed according to recent studies?,Recent studies reported an increase in the prevalence of interval cancers of up to 8%.
What characteristics do non-polypoid lesions and interval cancers share?,Non-polypoid lesions and interval cancers share common features like being common in the proximal colon and having a flat appearance.
What is the impact of the withdrawal time during colonoscopy on the detection of neoplasia?,"The detection rate of colorectal neoplasia depends on the withdrawal time during colonoscopy, with longer withdrawal times being strongly correlated with an increased adenoma detection rate."
What percentage of pancreatic malignancies does primary pancreatic lymphoma comprise?,Primary pancreatic lymphoma comprises 0.2 to 4.9% of all pancreatic malignancies.
What are the clinical manifestations of pancreatic lymphoma mentioned in the article?,"Clinical manifestations of pancreatic lymphoma include abdominal pain, a palpable abdominal mass, weight loss, jaundice, night sweats, and fever."
"According to the article, why is the diagnosis of primary pancreatic lymphoma very difficult?",The diagnosis of primary pancreatic lymphoma is very difficult because the clinical symptoms and signs resemble those of pancreatic adenocarcinoma.
What is the preferred initial treatment for patients with a diagnosis of primary pancreatic lymphoma?,The preferred initial treatment for patients with a diagnosis of primary pancreatic lymphoma is combination chemotherapy with involved-field radiotherapy.
What criteria should be met according to Behrns and associates for the definition of primary pancreatic lymphoma?,"Criteria include no superficial or mediastinal adenopathy, normal leukocyte count, and findings confined to peripancreatic disease (Ann Arbor stage I or II) without hepatic or splenic involvement."
What are tumor necrosis factor alpha (TNF) antagonists commonly used to treat?,"TNF antagonists are commonly used to treat a variety of inflammatory and autoimmune diseases, including rheumatoid arthritis (RA), ankylosing spondylitis, and psoriatic arthritis."
What new autoimmune disease did the patient develop after being treated with certolizumab for rheumatoid arthritis?,"The patient developed uveitis, highly suggestive of ocular sarcoidosis, after being treated with certolizumab for rheumatoid arthritis."
How did the patient's vision acuity (VA) change after discontinuation of certolizumab?,"After the discontinuation of certolizumab, the patient's visual acuity (VA) improved to 20/32 in both eyes."
What makes certolizumab different from other TNF antagonists like infliximab and adalimumab?,Certolizumab is different from other TNF antagonists because it is not a full antibody and does not include an Fc portion that may be immunogenic.
Why was a definitive diagnosis of ocular sarcoidosis not made for the patient?,"A definitive diagnosis of ocular sarcoidosis was not made because the patient had only one positive test and not all typical signs, but the significant bilateral uveitis and constellation of ocular findings and elevated angiotensin-converting enzyme (ACE) were suggestive of ocular sarcoidosis."
Why is the computational prediction of biomolecules' structures considered intractable?,It is considered intractable due to the overwhelming number of degrees of freedom in the system.
What is the purpose of examining large families of sequences in the prediction of physical proximity of biomolecules?,"The purpose is to catalog positional pairs that show correlation between the identities of the residues occupying them, which can help predict the structure."
How does MAVL/StickWRLD assist researchers in visualizing interpositional dependencies?,"MAVL/StickWRLD wraps a positional weight matrix around a cylinder with spheres for each identity and position, where the spheres' diameters are proportional to identity frequency and sticks represent over or under-representation of sequences."
What are the significant areas of improvement in the new Java3D implementation of MAVL/StickWRLD over the VRML version?,"The significant improvements include enhanced real-time user interaction, clustering of residues by aggregate physicochemical properties, and availability of pre-calculated StickWRLD worlds for all families in the Pfam database."
What does the MAVL/StickWRLD analysis of the integrin alpha cytoplasmic regions suggest about the cytoplasmic domain?,"The analysis suggests that there are two alternative preferred sequences within the family, indicating multiple structural motifs for the cytoplasmic domain."
